X,Y,RSS - A,RSS - B,RSS - C
0,0,-42.78,-76.18,-83.17
0,1,-39.83,-75.55,-78.51
0,2,-42.05,-75.89,-74.51
0,3,-47.19,-76.62,-71.27
0,4,-53.0,-77.34,-68.47
0,5,-58.44,-78.23,-65.73
0,6,-63.27,-79.84,-63.09
0,7,-67.93,-82.53,-61.1
0,8,-73.1,-86.1,-60.41
0,9,-79.01,-89.91,-61.25
1,0,-39.83,-71.48,-80.33
1,1,-34.27,-70.07,-75.72
1,2,-40.39,-70.02,-71.8
1,3,-46.61,-71.06,-68.33
1,4,-52.27,-72.55,-64.88
1,5,-57.22,-74.06,-61.33
1,6,-61.97,-75.73,-58.12
1,7,-67.21,-78.06,-56.02
1,8,-73.17,-81.41,-55.6
1,9,-79.44,-85.58,-56.78
2,0,-42.05,-67.18,-78.13
2,1,-40.39,-65.25,-73.67
2,2,-43.38,-64.5,-69.69
2,3,-48.07,-65.25,-65.73
2,4,-52.62,-67.18,-61.46
2,5,-57.15,-69.58,-57.14
2,6,-62.25,-71.96,-53.49
2,7,-68.13,-74.41,-51.3
2,8,-74.33,-77.45,-50.99
2,9,-80.14,-81.41,-52.31
3,0,-47.19,-62.7,-76.71
3,1,-46.61,-60.81,-72.38
3,2,-48.07,-59.62,-68.11
3,3,-50.78,-59.81,-63.48
3,4,-54.3,-61.62,-58.47
3,5,-58.81,-64.61,-53.59
3,6,-64.29,-67.99,-49.56
3,7,-70.22,-71.23,-46.99
3,8,-75.84,-74.41,-46.38
3,9,-80.78,-78.06,-47.78
4,0,-53.0,-57.71,-76.11
4,1,-52.27,-56.13,-71.72
4,2,-52.62,-55.09,-67.01
4,3,-54.3,-55.06,-61.77
4,4,-57.54,-56.56,-56.32
4,5,-62.17,-59.62,-51.21
4,6,-67.51,-63.71,-46.83
4,7,-72.7,-67.99,-43.29
4,8,-77.32,-71.96,-41.59
4,9,-81.66,-75.73,-43.49
5,0,-58.44,-52.55,-76.21
5,1,-57.22,-50.9,-71.59
5,2,-57.15,-50.29,-66.42
5,3,-58.81,-50.74,-60.87
5,4,-62.17,-52.37,-55.44
5,5,-66.55,-55.36,-50.52
5,6,-71.02,-59.62,-46.05
5,7,-75.09,-64.61,-41.53
5,8,-79.01,-69.58,-36.53
5,9,-83.4,-74.06,-41.04
6,0,-63.27,-48.04,-76.83
6,1,-61.97,-45.43,-71.89
6,2,-62.25,-44.86,-66.46
6,3,-64.29,-46.32,-61.02
6,4,-67.51,-49.0,-56.05
6,5,-71.02,-52.37,-51.68
6,6,-74.32,-56.56,-47.6
6,7,-77.62,-61.62,-43.66
6,8,-81.52,-67.18,-41.21
6,9,-86.37,-72.55,-42.72
7,0,-67.93,-45.1,-77.82
7,1,-67.21,-40.68,-72.62
7,2,-68.13,-39.0,-67.28
7,3,-70.22,-41.81,-62.33
7,4,-72.7,-46.32,-58.06
7,5,-75.09,-50.74,-54.3
7,6,-77.62,-55.06,-50.74
7,7,-80.88,-59.81,-47.55
7,8,-85.19,-65.25,-45.8
7,9,-90.23,-71.06,-46.6
8,0,-73.1,-44.5,-79.1
8,1,-73.17,-38.67,-73.89
8,2,-74.33,-33.33,-68.96
8,3,-75.84,-39.0,-64.71
8,4,-77.32,-44.86,-61.1
8,5,-79.01,-50.29,-57.77
8,6,-81.52,-55.09,-54.52
8,7,-85.19,-59.62,-51.79
8,8,-89.68,-64.5,-50.48
8,9,-94.23,-70.02,-51.27
9,0,-79.01,-46.27,-80.71
9,1,-79.44,-41.46,-75.8
9,2,-80.14,-38.67,-71.51
9,3,-80.78,-40.68,-67.94
9,4,-81.66,-45.43,-64.74
9,5,-83.4,-50.9,-61.57
9,6,-86.37,-56.13,-58.52
9,7,-90.23,-60.81,-56.21
9,8,-94.23,-65.25,-55.41
9,9,-97.83,-70.07,-56.38
