RSSI,RSRP,RSRQ,SNR,Latency,Packet_Loss
-53.8,-81.1,-5.4,21.6,18.3,3.5
-94.5,-105.6,-20.3,3.9,137.3,14.1
-58.9,-70.1,-9.0,22.2,21.8,0.2
-82.4,-100.3,-15.1,4.3,92.0,16.5
-103.8,-110.7,-16.4,-4.9,103.5,12.5
-70.2,-95.5,-10.8,14.8,35.6,4.8
-70.9,-95.8,-13.2,16.9,63.7,8.0
-60.5,-88.5,-12.9,10.5,43.2,6.1
-55.6,-77.0,-5.0,21.3,25.9,1.1
-76.3,-102.3,-12.6,5.4,54.0,8.0
-60.8,-83.7,-5.2,24.4,21.2,1.2
-49.9,-80.4,-10.0,13.3,5.0,2.2
-56.3,-74.8,-7.1,17.9,21.7,2.7
-59.5,-84.5,-4.9,16.0,13.5,2.6
-87.0,-116.9,-20.6,4.9,119.3,16.3
-67.9,-88.5,-11.4,9.7,72.4,2.5
-55.7,-82.4,-5.4,19.9,18.3,0.0
-68.3,-93.8,-10.7,9.3,50.8,3.2
-72.4,-96.4,-9.4,11.2,50.1,3.3
-72.9,-99.5,-12.3,16.0,34.7,6.4
-92.8,-108.0,-18.4,1.8,87.0,17.3
-53.8,-76.7,-8.7,22.0,29.6,0.0
-74.5,-97.0,-8.4,10.5,57.2,8.1
-56.3,-83.0,-5.0,20.7,13.5,2.3
-57.7,-75.6,-7.1,15.9,21.5,1.5
-58.4,-76.6,-11.2,17.9,16.9,2.3
-77.8,-99.3,-13.5,6.8,43.0,2.6
-72.4,-94.8,-13.9,9.3,35.6,3.2
-78.1,-102.1,-11.8,9.3,86.8,3.3
-67.9,-103.8,-12.6,10.6,46.5,7.6
-71.0,-102.3,-11.8,9.0,46.2,8.1
-50.3,-76.7,-7.1,22.9,10.7,1.0
-57.7,-78.6,-6.2,24.9,15.2,3.4
-47.9,-83.1,-7.6,25.6,20.6,1.4
-52.5,-81.9,-7.6,16.6,10.4,3.2
-77.6,-93.6,-11.4,13.9,39.7,7.0
-68.2,-97.7,-14.8,12.1,40.8,2.5
-86.1,-106.5,-14.9,3.5,90.2,17.6
-84.1,-96.1,-15.6,-0.7,114.8,22.4
-53.5,-82.8,-9.0,30.8,19.1,1.3
-86.3,-118.3,-17.6,-1.9,93.0,15.2
-83.1,-112.2,-14.8,1.6,62.9,15.5
-88.8,-109.0,-23.4,4.1,101.2,14.2
-49.5,-83.5,-4.0,26.2,23.7,0.0
-79.5,-88.1,-11.0,17.1,44.5,4.9
-66.6,-99.5,-9.1,9.0,52.0,4.7
-85.6,-101.8,-19.5,5.3,100.1,16.9
-54.4,-83.8,-6.8,28.9,25.8,1.8
-67.1,-103.0,-12.8,12.6,43.4,3.9
-54.5,-79.2,-4.2,20.8,15.4,2.6
-68.5,-99.7,-8.6,12.8,45.9,4.1
-73.9,-94.8,-13.6,23.4,53.7,4.8
-73.2,-94.1,-9.8,14.5,35.7,4.8
-96.0,-100.7,-15.0,4.3,103.0,11.2
-55.2,-76.6,-7.9,25.8,22.0,1.8
-67.9,-90.2,-12.4,16.2,39.9,4.1
-58.0,-77.2,-8.3,28.4,14.6,2.0
-75.2,-89.8,-13.1,15.3,41.2,3.7
-68.2,-104.0,-14.1,19.5,39.6,6.9
-58.7,-89.6,-8.5,26.9,20.6,1.3
-50.1,-85.2,-6.5,24.7,14.5,2.5
-48.8,-82.7,-7.6,22.3,13.9,2.4
-74.5,-92.9,-12.9,9.3,56.5,5.7
-60.3,-95.9,-11.5,13.8,46.2,7.8
-62.0,-92.1,-13.8,15.2,49.9,4.3
-62.2,-77.1,-5.7,24.7,23.4,3.4
-77.8,-108.0,-23.9,6.3,100.2,16.2
-57.1,-86.5,-6.9,22.2,21.2,2.0
-54.0,-88.7,-6.8,21.4,19.3,2.0
-94.8,-111.1,-21.4,1.1,103.2,12.7
-71.1,-92.9,-12.7,6.8,61.1,5.5
-66.0,-98.0,-12.8,10.1,24.9,4.1
-73.1,-88.2,-15.8,13.0,45.4,4.8
-56.0,-81.2,-6.6,16.2,24.6,1.2
-60.3,-91.7,-11.4,22.3,12.7,0.3
-57.9,-82.4,-9.0,18.1,15.7,1.2
-75.7,-91.9,-9.6,17.8,43.2,4.2
-59.9,-75.5,-9.0,31.4,7.4,1.7
-67.8,-96.3,-10.9,20.7,46.9,6.5
-90.5,-117.8,-19.7,6.2,100.6,7.1
-86.6,-106.6,-15.9,7.4,65.5,9.1
-60.4,-81.4,-5.7,21.2,22.0,2.4
-57.3,-78.0,-8.2,30.1,28.4,1.1
-90.6,-98.9,-19.1,7.7,87.2,8.5
-79.3,-107.2,-19.5,2.2,80.9,9.3
-70.4,-90.4,-14.8,15.1,30.9,4.9
-62.1,-88.6,-9.2,27.0,25.0,1.4
-71.6,-95.5,-6.4,14.4,46.3,4.0
-56.6,-78.9,-7.0,13.4,32.5,1.9
-70.5,-82.7,-15.1,8.0,61.3,5.0
-83.6,-102.7,-12.4,5.6,82.1,6.3
-54.4,-90.8,-7.9,19.8,22.3,2.2
-70.2,-102.9,-11.7,10.1,51.6,4.1
-58.4,-98.8,-15.9,9.3,48.9,10.5
-81.0,-113.6,-17.0,-1.9,65.4,16.7
-68.0,-99.8,-13.5,14.7,56.0,3.4
-78.7,-91.5,-13.5,5.6,45.6,5.4
-65.2,-98.2,-11.5,7.8,53.5,1.9
-52.0,-81.2,-10.8,20.4,29.9,0.4
-63.4,-83.5,-7.7,26.2,19.0,1.0
-89.2,-105.4,-17.5,5.2,58.8,11.5
-70.5,-90.9,-11.1,13.8,60.9,5.3
-72.2,-115.5,-16.7,10.4,110.7,14.3
-49.9,-84.3,-7.8,23.7,31.8,1.8
-44.5,-82.1,-7.5,16.2,23.9,0.0
-66.6,-91.0,-11.2,8.8,44.6,0.0
-91.6,-108.6,-17.0,1.5,121.2,14.4
-88.0,-108.9,-19.7,2.2,55.2,1.8
-71.9,-91.5,-14.3,14.5,26.5,4.9
-55.1,-82.2,-10.7,25.1,24.0,2.0
-58.7,-97.9,-11.7,17.8,31.6,3.1
-64.5,-97.8,-13.6,14.9,31.5,5.3
-60.3,-85.3,-12.8,23.8,21.5,1.3
-91.4,-108.6,-13.3,6.5,80.7,14.0
-89.3,-106.7,-19.0,9.0,79.4,9.0
-86.2,-100.0,-21.2,3.3,107.9,23.9
-77.5,-90.2,-13.4,11.7,59.7,5.1
-76.8,-97.0,-12.7,13.8,36.8,3.6
-71.7,-95.9,-12.3,14.7,55.7,5.7
-58.3,-89.8,-9.6,20.2,18.3,2.4
-70.6,-101.0,-14.7,12.3,44.3,2.7
-96.6,-112.5,-16.2,3.6,64.4,11.0
-71.3,-101.2,-12.3,10.1,58.2,3.5
-47.3,-77.3,-7.4,23.9,28.2,1.1
-53.0,-83.3,-5.3,21.7,18.4,0.0
-53.8,-83.9,-7.0,17.1,14.7,2.8
-73.9,-95.1,-10.2,13.3,48.6,7.4
-57.7,-79.2,-8.5,18.4,20.2,2.8
-70.9,-99.5,-12.4,11.0,54.1,3.0
-83.5,-107.5,-13.9,1.2,113.8,9.0
-85.0,-111.4,-19.8,6.2,124.1,20.2
-85.7,-111.4,-13.3,-0.8,97.9,7.1
-69.3,-94.7,-12.8,17.2,46.5,6.0
-85.3,-110.7,-23.4,1.3,98.2,8.9
-87.8,-119.0,-15.4,5.5,102.9,11.0
-53.6,-88.4,-9.4,24.6,15.8,1.2
-55.2,-76.8,-9.3,20.7,15.6,0.0
-54.2,-92.5,-9.5,28.1,19.8,0.0
-93.2,-100.2,-17.8,10.3,83.0,3.0
-68.9,-97.4,-11.5,8.6,34.5,3.7
-93.6,-105.2,-14.3,1.9,112.8,10.0
-71.8,-104.6,-9.6,10.6,62.5,7.4
-67.6,-95.0,-14.1,16.4,55.2,7.2
-68.3,-102.2,-14.3,16.7,67.7,4.5
-88.4,-108.1,-16.5,4.2,89.8,13.8
-72.9,-96.6,-10.7,13.2,40.2,5.5
-93.6,-114.1,-19.7,4.0,107.3,11.4
-92.6,-107.3,-16.4,-3.4,113.8,16.6
-89.5,-110.7,-17.4,0.9,102.7,9.9
-56.8,-81.6,-11.1,20.7,12.1,1.0
