Signal_Strength_dBm,SNR_dB,Interference_dB,Distance_m,Frequency_GHz,Channel_Bandwidth_MHz,Noise_Floor_dBm,Connected_Devices,Estimated_Throughput_Mbps,Quality
-41,6,0,257,5,160,-100,24,18,Poor
-86,25,20,134,2.4,160,-96,41,55,Poor
-73,27,0,385,2.4,20,-72,13,81,Fair
-57,5,0,255,5,160,-86,9,15,Poor
-87,15,24,61,5,20,-79,32,21,Poor
-79,33,1,249,5,80,-85,15,98,Fair
-53,27,30,286,6,80,-86,21,51,Fair
-82,21,14,462,2.4,80,-89,1,49,Poor
-86,20,27,321,6,160,-73,42,33,Poor
-86,34,5,57,2.4,40,-92,1,97,Poor
-63,5,24,386,6,40,-78,1,1,Poor
-44,39,12,155,2.4,40,-97,1,105,Good
-53,19,7,357,2.4,80,-82,44,50,Fair
-67,40,30,290,5,20,-72,18,90,Fair
-83,36,28,480,2.4,40,-77,39,80,Poor
-41,5,22,238,6,20,-93,42,1,Poor
-48,35,18,470,2.4,160,-99,24,87,Fair
-50,14,14,42,5,40,-100,45,28,Fair
-61,18,2,159,5,20,-85,37,52,Fair
-61,13,12,442,2.4,20,-96,22,27,Fair
-70,26,30,427,2.4,20,-100,10,48,Fair
-93,23,10,360,5,40,-76,28,59,Poor
-52,37,11,107,2.4,40,-93,34,100,Good
-72,15,12,368,5,80,-84,29,33,Fair
-68,24,11,482,5,160,-70,15,61,Good
-94,7,13,42,5,80,-73,2,8,Poor
-89,23,20,384,5,80,-97,18,49,Poor
-91,7,14,414,6,40,-82,12,7,Poor
-90,16,7,231,6,20,-95,37,41,Poor
-65,15,14,195,5,80,-89,8,31,Fair
-86,36,17,231,5,20,-96,17,91,Poor
-79,36,29,378,5,80,-73,21,79,Fair
-46,17,18,52,6,40,-70,40,33,Fair
-94,5,10,333,2.4,40,-99,44,5,Poor
-40,29,7,347,2.4,20,-88,34,80,Excellent
-66,37,12,310,5,20,-75,24,99,Good
-67,15,4,220,6,20,-88,43,41,Fair
-84,20,11,78,6,80,-94,2,49,Poor
-86,25,11,494,6,80,-74,40,64,Poor
-67,10,26,158,6,80,-76,11,4,Poor
-81,12,19,217,2.4,20,-89,12,17,Poor
-60,31,20,218,2.4,40,-82,33,73,Fair
-91,18,3,294,2.4,40,-90,39,51,Poor
-85,15,11,358,6,160,-94,43,34,Poor
-88,19,0,24,5,160,-76,36,57,Poor
-44,20,18,229,6,80,-76,42,42,Fair
-50,11,20,24,5,80,-77,31,13,Poor
-52,39,26,223,2.4,80,-76,19,91,Fair
-95,37,4,247,2.4,80,-82,7,107,Poor
-71,11,17,207,2.4,20,-84,3,16,Poor
-78,11,24,416,2.4,80,-95,48,9,Poor
-42,11,21,214,5,20,-71,31,12,Poor
-48,18,18,41,5,20,-88,9,36,Fair
-88,34,29,22,5,40,-78,22,73,Poor
-56,8,30,169,5,40,-85,33,1,Poor
-85,40,8,161,2.4,40,-74,20,112,Poor
-85,12,0,42,5,20,-70,18,36,Poor
-64,32,16,469,2.4,80,-84,45,80,Fair
-88,7,26,492,2.4,20,-94,10,1,Poor
-78,8,23,416,6,40,-89,38,1,Poor
-55,9,4,99,6,20,-86,7,23,Poor
-61,7,19,249,6,80,-74,24,2,Poor
-74,38,3,396,5,80,-100,10,111,Fair
-66,29,25,84,6,40,-94,23,62,Fair
-62,16,13,162,6,160,-86,25,35,Fair
-51,18,8,301,2.4,40,-83,50,46,Fair
-82,10,0,482,2.4,80,-100,9,30,Poor
-71,36,4,348,2.4,40,-84,5,104,Fair
-72,23,12,329,5,40,-86,35,57,Fair
-63,26,9,354,6,40,-85,14,69,Good
-55,28,14,284,2.4,160,-70,10,70,Good
-80,17,23,146,5,40,-94,18,28,Poor
-73,11,7,294,6,20,-75,49,26,Poor
-79,31,23,117,2.4,40,-82,9,70,Fair
-93,38,5,291,6,80,-83,9,109,Poor
-78,8,21,499,2.4,40,-76,34,3,Poor
-89,19,4,391,2.4,80,-100,15,53,Poor
-57,13,17,125,5,40,-94,40,22,Fair
-68,34,3,315,5,160,-79,24,99,Good
-41,18,16,291,6,40,-97,34,38,Fair
-40,26,0,186,6,20,-74,15,78,Excellent
-72,22,7,121,6,80,-84,2,59,Fair
-68,21,11,229,6,80,-85,9,52,Good
-63,33,0,394,6,20,-99,41,99,Good
-45,19,16,106,6,20,-92,48,41,Fair
-77,14,9,355,6,80,-95,44,33,Fair
-69,29,30,216,5,80,-77,49,57,Fair
-42,31,14,412,2.4,160,-86,50,79,Good
-89,18,3,355,5,80,-71,21,51,Poor
-94,5,30,198,5,20,-76,11,1,Poor
-51,11,16,458,2.4,80,-84,7,17,Poor
-65,21,16,314,2.4,40,-94,21,47,Fair
-83,33,8,78,5,20,-82,37,91,Poor
-50,23,29,345,5,40,-92,5,40,Fair
-80,39,11,117,2.4,160,-83,17,106,Poor
-75,37,11,17,2.4,160,-80,34,100,Fair
-88,11,18,231,5,20,-90,25,15,Poor
-57,6,27,460,5,160,-76,24,1,Poor
-49,25,24,298,2.4,20,-78,39,51,Fair
-46,8,29,423,5,40,-71,16,1,Poor
